index,time,Name,ID,Type,Format,Len,Data0,Data1,Data2,Data3,Data4,Data5,Data6,Data7
	1,66905.575.790,接收,=DEC2HEX(418447824),DATA,EXTENDED,8,=DEC2HEX(0),=DEC2HEX(0),=DEC2HEX(0),=DEC2HEX(4),=DEC2HEX(89),=DEC2HEX(0),=DEC2HEX(0),=DEC2HEX(0)
	2,002.550.153,接收,=DEC2HEX(418447824),DATA,EXTENDED,8,=DEC2HEX(0),=DEC2HEX(0),=DEC2HEX(0),=DEC2HEX(4),=DEC2HEX(87),=DEC2HEX(0),=DEC2HEX(0),=DEC2HEX(0)
	3,002.517.883,接收,=DEC2HEX(418447824),DATA,EXTENDED,8,=DEC2HEX(0),=DEC2HEX(0),=DEC2HEX(0),=DEC2HEX(4),=DEC2HEX(85),=DEC2HEX(0),=DEC2HEX(0),=DEC2HEX(0)
	4,002.508.046,接收,=DEC2HEX(418447824),DATA,EXTENDED,8,=DEC2HEX(0),=DEC2HEX(0),=DEC2HEX(0),=DEC2HEX(4),=DEC2HEX(86),=DEC2HEX(0),=DEC2HEX(0),=DEC2HEX(0)
	5,002.531.909,接收,=DEC2HEX(418447824),DATA,EXTENDED,8,=DEC2HEX(0),=DEC2HEX(0),=DEC2HEX(0),=DEC2HEX(4),=DEC2HEX(85),=DEC2HEX(0),=DEC2HEX(0),=DEC2HEX(0)
	6,002.513.970,接收,=DEC2HEX(418447824),DATA,EXTENDED,8,=DEC2HEX(0),=DEC2HEX(0),=DEC2HEX(0),=DEC2HEX(4),=DEC2HEX(80),=DEC2HEX(0),=DEC2HEX(0),=DEC2HEX(0)
	7,002.514.230,接收,=DEC2HEX(418447824),DATA,EXTENDED,8,=DEC2HEX(0),=DEC2HEX(0),=DEC2HEX(0),=DEC2HEX(4),=DEC2HEX(61),=DEC2HEX(0),=DEC2HEX(0),=DEC2HEX(1)
	8,002.526.722,接收,=DEC2HEX(418447824),DATA,EXTENDED,8,=DEC2HEX(0),=DEC2HEX(0),=DEC2HEX(0),=DEC2HEX(4),=DEC2HEX(84),=DEC2HEX(0),=DEC2HEX(0),=DEC2HEX(0)
	9,002.530.225,接收,=DEC2HEX(418447824),DATA,EXTENDED,8,=DEC2HEX(0),=DEC2HEX(0),=DEC2HEX(0),=DEC2HEX(4),=DEC2HEX(78),=DEC2HEX(0),=DEC2HEX(0),=DEC2HEX(0)
	10,002.519.974,接收,=DEC2HEX(418447824),DATA,EXTENDED,8,=DEC2HEX(0),=DEC2HEX(0),=DEC2HEX(0),=DEC2HEX(4),=DEC2HEX(73),=DEC2HEX(0),=DEC2HEX(0),=DEC2HEX(1)
	11,002.509.945,接收,=DEC2HEX(418447824),DATA,EXTENDED,8,=DEC2HEX(0),=DEC2HEX(0),=DEC2HEX(0),=DEC2HEX(4),=DEC2HEX(89),=DEC2HEX(0),=DEC2HEX(0),=DEC2HEX(0)
	12,002.519.806,接收,=DEC2HEX(418447824),DATA,EXTENDED,8,=DEC2HEX(0),=DEC2HEX(0),=DEC2HEX(0),=DEC2HEX(4),=DEC2HEX(82),=DEC2HEX(0),=DEC2HEX(0),=DEC2HEX(0)
	13,002.527.084,接收,=DEC2HEX(418447824),DATA,EXTENDED,8,=DEC2HEX(0),=DEC2HEX(0),=DEC2HEX(0),=DEC2HEX(4),=DEC2HEX(92),=DEC2HEX(0),=DEC2HEX(0),=DEC2HEX(0)
	14,002.499.027,接收,=DEC2HEX(418447824),DATA,EXTENDED,8,=DEC2HEX(0),=DEC2HEX(0),=DEC2HEX(0),=DEC2HEX(4),=DEC2HEX(87),=DEC2HEX(0),=DEC2HEX(0),=DEC2HEX(0)
	15,002.514.043,接收,=DEC2HEX(418447824),DATA,EXTENDED,8,=DEC2HEX(0),=DEC2HEX(0),=DEC2HEX(0),=DEC2HEX(4),=DEC2HEX(88),=DEC2HEX(0),=DEC2HEX(0),=DEC2HEX(0)
	16,002.521.112,接收,=DEC2HEX(418447824),DATA,EXTENDED,8,=DEC2HEX(0),=DEC2HEX(0),=DEC2HEX(0),=DEC2HEX(4),=DEC2HEX(88),=DEC2HEX(0),=DEC2HEX(0),=DEC2HEX(0)
	17,002.509.771,接收,=DEC2HEX(418447824),DATA,EXTENDED,8,=DEC2HEX(0),=DEC2HEX(0),=DEC2HEX(0),=DEC2HEX(4),=DEC2HEX(73),=DEC2HEX(0),=DEC2HEX(0),=DEC2HEX(1)
	18,002.512.106,接收,=DEC2HEX(418447824),DATA,EXTENDED,8,=DEC2HEX(0),=DEC2HEX(0),=DEC2HEX(0),=DEC2HEX(4),=DEC2HEX(85),=DEC2HEX(0),=DEC2HEX(0),=DEC2HEX(0)
	19,002.508.089,接收,=DEC2HEX(418447824),DATA,EXTENDED,8,=DEC2HEX(0),=DEC2HEX(0),=DEC2HEX(0),=DEC2HEX(4),=DEC2HEX(83),=DEC2HEX(0),=DEC2HEX(0),=DEC2HEX(0)
	20,002.501.988,接收,=DEC2HEX(418447824),DATA,EXTENDED,8,=DEC2HEX(0),=DEC2HEX(0),=DEC2HEX(0),=DEC2HEX(4),=DEC2HEX(91),=DEC2HEX(0),=DEC2HEX(0),=DEC2HEX(0)
	21,002.499.778,接收,=DEC2HEX(418447824),DATA,EXTENDED,8,=DEC2HEX(0),=DEC2HEX(0),=DEC2HEX(0),=DEC2HEX(4),=DEC2HEX(83),=DEC2HEX(0),=DEC2HEX(0),=DEC2HEX(0)
	22,002.508.326,接收,=DEC2HEX(418447824),DATA,EXTENDED,8,=DEC2HEX(0),=DEC2HEX(0),=DEC2HEX(0),=DEC2HEX(4),=DEC2HEX(78),=DEC2HEX(0),=DEC2HEX(0),=DEC2HEX(0)
	23,002.503.891,接收,=DEC2HEX(418447824),DATA,EXTENDED,8,=DEC2HEX(0),=DEC2HEX(0),=DEC2HEX(0),=DEC2HEX(4),=DEC2HEX(92),=DEC2HEX(0),=DEC2HEX(0),=DEC2HEX(0)
	24,002.507.911,接收,=DEC2HEX(418447824),DATA,EXTENDED,8,=DEC2HEX(0),=DEC2HEX(0),=DEC2HEX(0),=DEC2HEX(4),=DEC2HEX(87),=DEC2HEX(0),=DEC2HEX(0),=DEC2HEX(0)
	25,002.513.950,接收,=DEC2HEX(418447824),DATA,EXTENDED,8,=DEC2HEX(0),=DEC2HEX(0),=DEC2HEX(0),=DEC2HEX(4),=DEC2HEX(77),=DEC2HEX(0),=DEC2HEX(0),=DEC2HEX(0)
	26,002.516.264,接收,=DEC2HEX(418447824),DATA,EXTENDED,8,=DEC2HEX(0),=DEC2HEX(0),=DEC2HEX(0),=DEC2HEX(4),=DEC2HEX(81),=DEC2HEX(0),=DEC2HEX(0),=DEC2HEX(0)
	27,002.518.927,接收,=DEC2HEX(418447824),DATA,EXTENDED,8,=DEC2HEX(0),=DEC2HEX(0),=DEC2HEX(0),=DEC2HEX(4),=DEC2HEX(69),=DEC2HEX(0),=DEC2HEX(0),=DEC2HEX(1)
	28,002.499.968,接收,=DEC2HEX(418447824),DATA,EXTENDED,8,=DEC2HEX(0),=DEC2HEX(0),=DEC2HEX(0),=DEC2HEX(4),=DEC2HEX(69),=DEC2HEX(0),=DEC2HEX(0),=DEC2HEX(1)
	29,002.510.943,接收,=DEC2HEX(418447824),DATA,EXTENDED,8,=DEC2HEX(0),=DEC2HEX(0),=DEC2HEX(0),=DEC2HEX(4),=DEC2HEX(81),=DEC2HEX(0),=DEC2HEX(0),=DEC2HEX(0)
	30,002.518.987,接收,=DEC2HEX(418447824),DATA,EXTENDED,8,=DEC2HEX(0),=DEC2HEX(0),=DEC2HEX(0),=DEC2HEX(4),=DEC2HEX(88),=DEC2HEX(0),=DEC2HEX(0),=DEC2HEX(0)
	31,002.513.939,接收,=DEC2HEX(418447824),DATA,EXTENDED,8,=DEC2HEX(0),=DEC2HEX(0),=DEC2HEX(0),=DEC2HEX(4),=DEC2HEX(79),=DEC2HEX(0),=DEC2HEX(0),=DEC2HEX(0)
	32,002.509.983,接收,=DEC2HEX(418447824),DATA,EXTENDED,8,=DEC2HEX(0),=DEC2HEX(0),=DEC2HEX(0),=DEC2HEX(4),=DEC2HEX(84),=DEC2HEX(0),=DEC2HEX(0),=DEC2HEX(0)
	33,002.515.183,接收,=DEC2HEX(418447824),DATA,EXTENDED,8,=DEC2HEX(0),=DEC2HEX(0),=DEC2HEX(0),=DEC2HEX(4),=DEC2HEX(81),=DEC2HEX(0),=DEC2HEX(0),=DEC2HEX(0)
	34,002.495.820,接收,=DEC2HEX(418447824),DATA,EXTENDED,8,=DEC2HEX(0),=DEC2HEX(0),=DEC2HEX(0),=DEC2HEX(4),=DEC2HEX(90),=DEC2HEX(0),=DEC2HEX(0),=DEC2HEX(0)
	35,002.534.029,接收,=DEC2HEX(418447824),DATA,EXTENDED,8,=DEC2HEX(0),=DEC2HEX(0),=DEC2HEX(0),=DEC2HEX(4),=DEC2HEX(97),=DEC2HEX(0),=DEC2HEX(0),=DEC2HEX(0)
	36,002.504.943,接收,=DEC2HEX(418447824),DATA,EXTENDED,8,=DEC2HEX(0),=DEC2HEX(0),=DEC2HEX(0),=DEC2HEX(4),=DEC2HEX(68),=DEC2HEX(0),=DEC2HEX(0),=DEC2HEX(1)
	37,002.512.055,接收,=DEC2HEX(418447824),DATA,EXTENDED,8,=DEC2HEX(0),=DEC2HEX(0),=DEC2HEX(0),=DEC2HEX(4),=DEC2HEX(64),=DEC2HEX(0),=DEC2HEX(0),=DEC2HEX(1)
	38,002.520.959,接收,=DEC2HEX(418447824),DATA,EXTENDED,8,=DEC2HEX(0),=DEC2HEX(0),=DEC2HEX(0),=DEC2HEX(4),=DEC2HEX(82),=DEC2HEX(0),=DEC2HEX(0),=DEC2HEX(0)
	39,002.525.037,接收,=DEC2HEX(418447824),DATA,EXTENDED,8,=DEC2HEX(0),=DEC2HEX(0),=DEC2HEX(0),=DEC2HEX(4),=DEC2HEX(88),=DEC2HEX(0),=DEC2HEX(0),=DEC2HEX(0)
	40,002.532.180,接收,=DEC2HEX(418447824),DATA,EXTENDED,8,=DEC2HEX(0),=DEC2HEX(0),=DEC2HEX(0),=DEC2HEX(4),=DEC2HEX(92),=DEC2HEX(0),=DEC2HEX(0),=DEC2HEX(0)
	41,002.512.015,接收,=DEC2HEX(418447824),DATA,EXTENDED,8,=DEC2HEX(0),=DEC2HEX(0),=DEC2HEX(0),=DEC2HEX(4),=DEC2HEX(94),=DEC2HEX(0),=DEC2HEX(0),=DEC2HEX(0)
	42,002.534.942,接收,=DEC2HEX(418447824),DATA,EXTENDED,8,=DEC2HEX(0),=DEC2HEX(0),=DEC2HEX(0),=DEC2HEX(4),=DEC2HEX(87),=DEC2HEX(0),=DEC2HEX(0),=DEC2HEX(0)
	43,002.521.781,接收,=DEC2HEX(418447824),DATA,EXTENDED,8,=DEC2HEX(0),=DEC2HEX(0),=DEC2HEX(0),=DEC2HEX(4),=DEC2HEX(86),=DEC2HEX(0),=DEC2HEX(0),=DEC2HEX(0)
	44,002.527.193,接收,=DEC2HEX(418447824),DATA,EXTENDED,8,=DEC2HEX(0),=DEC2HEX(0),=DEC2HEX(0),=DEC2HEX(4),=DEC2HEX(90),=DEC2HEX(0),=DEC2HEX(0),=DEC2HEX(0)
	45,002.523.990,接收,=DEC2HEX(418447824),DATA,EXTENDED,8,=DEC2HEX(0),=DEC2HEX(0),=DEC2HEX(0),=DEC2HEX(4),=DEC2HEX(84),=DEC2HEX(0),=DEC2HEX(0),=DEC2HEX(0)
	46,002.522.878,接收,=DEC2HEX(418447824),DATA,EXTENDED,8,=DEC2HEX(0),=DEC2HEX(0),=DEC2HEX(0),=DEC2HEX(4),=DEC2HEX(77),=DEC2HEX(0),=DEC2HEX(0),=DEC2HEX(1)
	47,002.517.029,接收,=DEC2HEX(418447824),DATA,EXTENDED,8,=DEC2HEX(0),=DEC2HEX(0),=DEC2HEX(0),=DEC2HEX(4),=DEC2HEX(72),=DEC2HEX(0),=DEC2HEX(0),=DEC2HEX(1)
	48,002.516.162,接收,=DEC2HEX(418447824),DATA,EXTENDED,8,=DEC2HEX(0),=DEC2HEX(0),=DEC2HEX(0),=DEC2HEX(4),=DEC2HEX(81),=DEC2HEX(0),=DEC2HEX(0),=DEC2HEX(0)
	49,002.517.842,接收,=DEC2HEX(418447824),DATA,EXTENDED,8,=DEC2HEX(0),=DEC2HEX(0),=DEC2HEX(0),=DEC2HEX(4),=DEC2HEX(84),=DEC2HEX(0),=DEC2HEX(0),=DEC2HEX(0)
	50,002.515.119,接收,=DEC2HEX(418447824),DATA,EXTENDED,8,=DEC2HEX(0),=DEC2HEX(0),=DEC2HEX(0),=DEC2HEX(4),=DEC2HEX(86),=DEC2HEX(0),=DEC2HEX(0),=DEC2HEX(0)
	51,002.525.953,接收,=DEC2HEX(418447824),DATA,EXTENDED,8,=DEC2HEX(0),=DEC2HEX(0),=DEC2HEX(0),=DEC2HEX(4),=DEC2HEX(90),=DEC2HEX(0),=DEC2HEX(0),=DEC2HEX(0)
	52,002.526.941,接收,=DEC2HEX(418447824),DATA,EXTENDED,8,=DEC2HEX(0),=DEC2HEX(0),=DEC2HEX(0),=DEC2HEX(4),=DEC2HEX(88),=DEC2HEX(0),=DEC2HEX(0),=DEC2HEX(0)
	53,002.529.943,接收,=DEC2HEX(418447824),DATA,EXTENDED,8,=DEC2HEX(0),=DEC2HEX(0),=DEC2HEX(0),=DEC2HEX(4),=DEC2HEX(88),=DEC2HEX(0),=DEC2HEX(0),=DEC2HEX(0)
	54,002.515.938,接收,=DEC2HEX(418447824),DATA,EXTENDED,8,=DEC2HEX(0),=DEC2HEX(0),=DEC2HEX(0),=DEC2HEX(4),=DEC2HEX(88),=DEC2HEX(0),=DEC2HEX(0),=DEC2HEX(0)
	55,002.525.259,接收,=DEC2HEX(418447824),DATA,EXTENDED,8,=DEC2HEX(0),=DEC2HEX(0),=DEC2HEX(0),=DEC2HEX(4),=DEC2HEX(81),=DEC2HEX(0),=DEC2HEX(0),=DEC2HEX(0)
	56,002.515.017,接收,=DEC2HEX(418447824),DATA,EXTENDED,8,=DEC2HEX(0),=DEC2HEX(0),=DEC2HEX(0),=DEC2HEX(4),=DEC2HEX(75),=DEC2HEX(0),=DEC2HEX(0),=DEC2HEX(1)
	57,002.519.800,接收,=DEC2HEX(418447824),DATA,EXTENDED,8,=DEC2HEX(0),=DEC2HEX(0),=DEC2HEX(0),=DEC2HEX(4),=DEC2HEX(71),=DEC2HEX(0),=DEC2HEX(0),=DEC2HEX(1)
	58,002.508.938,接收,=DEC2HEX(418447824),DATA,EXTENDED,8,=DEC2HEX(0),=DEC2HEX(0),=DEC2HEX(0),=DEC2HEX(4),=DEC2HEX(74),=DEC2HEX(0),=DEC2HEX(0),=DEC2HEX(1)
	59,002.517.141,接收,=DEC2HEX(418447824),DATA,EXTENDED,8,=DEC2HEX(0),=DEC2HEX(0),=DEC2HEX(0),=DEC2HEX(4),=DEC2HEX(77),=DEC2HEX(0),=DEC2HEX(0),=DEC2HEX(1)
	60,002.512.134,接收,=DEC2HEX(418447824),DATA,EXTENDED,8,=DEC2HEX(0),=DEC2HEX(0),=DEC2HEX(0),=DEC2HEX(4),=DEC2HEX(86),=DEC2HEX(0),=DEC2HEX(0),=DEC2HEX(0)
	61,002.518.028,接收,=DEC2HEX(418447824),DATA,EXTENDED,8,=DEC2HEX(0),=DEC2HEX(0),=DEC2HEX(0),=DEC2HEX(4),=DEC2HEX(83),=DEC2HEX(0),=DEC2HEX(0),=DEC2HEX(0)
	62,002.543.929,接收,=DEC2HEX(418447824),DATA,EXTENDED,8,=DEC2HEX(0),=DEC2HEX(0),=DEC2HEX(0),=DEC2HEX(4),=DEC2HEX(91),=DEC2HEX(0),=DEC2HEX(0),=DEC2HEX(0)
	63,002.532.029,接收,=DEC2HEX(418447824),DATA,EXTENDED,8,=DEC2HEX(0),=DEC2HEX(0),=DEC2HEX(0),=DEC2HEX(4),=DEC2HEX(94),=DEC2HEX(0),=DEC2HEX(0),=DEC2HEX(0)
	64,002.526.786,接收,=DEC2HEX(418447824),DATA,EXTENDED,8,=DEC2HEX(0),=DEC2HEX(0),=DEC2HEX(0),=DEC2HEX(4),=DEC2HEX(91),=DEC2HEX(0),=DEC2HEX(0),=DEC2HEX(0)
	65,002.524.988,接收,=DEC2HEX(418447824),DATA,EXTENDED,8,=DEC2HEX(0),=DEC2HEX(0),=DEC2HEX(0),=DEC2HEX(4),=DEC2HEX(86),=DEC2HEX(0),=DEC2HEX(0),=DEC2HEX(0)
	66,002.510.101,接收,=DEC2HEX(418447824),DATA,EXTENDED,8,=DEC2HEX(0),=DEC2HEX(0),=DEC2HEX(0),=DEC2HEX(4),=DEC2HEX(85),=DEC2HEX(0),=DEC2HEX(0),=DEC2HEX(0)
	67,002.507.952,接收,=DEC2HEX(418447824),DATA,EXTENDED,8,=DEC2HEX(0),=DEC2HEX(0),=DEC2HEX(0),=DEC2HEX(4),=DEC2HEX(84),=DEC2HEX(0),=DEC2HEX(0),=DEC2HEX(0)
	68,002.512.109,接收,=DEC2HEX(418447824),DATA,EXTENDED,8,=DEC2HEX(0),=DEC2HEX(0),=DEC2HEX(0),=DEC2HEX(4),=DEC2HEX(78),=DEC2HEX(0),=DEC2HEX(0),=DEC2HEX(0)
	69,002.514.991,接收,=DEC2HEX(418447824),DATA,EXTENDED,8,=DEC2HEX(0),=DEC2HEX(0),=DEC2HEX(0),=DEC2HEX(4),=DEC2HEX(72),=DEC2HEX(0),=DEC2HEX(0),=DEC2HEX(1)
	70,002.512.003,接收,=DEC2HEX(418447824),DATA,EXTENDED,8,=DEC2HEX(0),=DEC2HEX(0),=DEC2HEX(0),=DEC2HEX(4),=DEC2HEX(79),=DEC2HEX(0),=DEC2HEX(0),=DEC2HEX(0)
	71,002.508.967,接收,=DEC2HEX(418447824),DATA,EXTENDED,8,=DEC2HEX(0),=DEC2HEX(0),=DEC2HEX(0),=DEC2HEX(4),=DEC2HEX(86),=DEC2HEX(0),=DEC2HEX(0),=DEC2HEX(0)
	72,002.512.063,接收,=DEC2HEX(418447824),DATA,EXTENDED,8,=DEC2HEX(0),=DEC2HEX(0),=DEC2HEX(0),=DEC2HEX(4),=DEC2HEX(79),=DEC2HEX(0),=DEC2HEX(0),=DEC2HEX(0)
	73,002.526.884,接收,=DEC2HEX(418447824),DATA,EXTENDED,8,=DEC2HEX(0),=DEC2HEX(0),=DEC2HEX(0),=DEC2HEX(4),=DEC2HEX(83),=DEC2HEX(0),=DEC2HEX(0),=DEC2HEX(0)
	74,002.514.008,接收,=DEC2HEX(418447824),DATA,EXTENDED,8,=DEC2HEX(0),=DEC2HEX(0),=DEC2HEX(0),=DEC2HEX(4),=DEC2HEX(80),=DEC2HEX(0),=DEC2HEX(0),=DEC2HEX(0)
	75,002.523.160,接收,=DEC2HEX(418447824),DATA,EXTENDED,8,=DEC2HEX(0),=DEC2HEX(0),=DEC2HEX(0),=DEC2HEX(4),=DEC2HEX(82),=DEC2HEX(0),=DEC2HEX(0),=DEC2HEX(0)
	76,002.515.916,接收,=DEC2HEX(418447824),DATA,EXTENDED,8,=DEC2HEX(0),=DEC2HEX(0),=DEC2HEX(0),=DEC2HEX(4),=DEC2HEX(86),=DEC2HEX(0),=DEC2HEX(0),=DEC2HEX(0)
	77,002.523.055,接收,=DEC2HEX(418447824),DATA,EXTENDED,8,=DEC2HEX(0),=DEC2HEX(0),=DEC2HEX(0),=DEC2HEX(4),=DEC2HEX(75),=DEC2HEX(0),=DEC2HEX(0),=DEC2HEX(1)
	78,002.505.988,接收,=DEC2HEX(418447824),DATA,EXTENDED,8,=DEC2HEX(0),=DEC2HEX(0),=DEC2HEX(0),=DEC2HEX(4),=DEC2HEX(76),=DEC2HEX(0),=DEC2HEX(0),=DEC2HEX(1)
	79,002.504.784,接收,=DEC2HEX(418447824),DATA,EXTENDED,8,=DEC2HEX(0),=DEC2HEX(0),=DEC2HEX(0),=DEC2HEX(4),=DEC2HEX(79),=DEC2HEX(0),=DEC2HEX(0),=DEC2HEX(0)
	80,002.518.023,接收,=DEC2HEX(418447824),DATA,EXTENDED,8,=DEC2HEX(0),=DEC2HEX(0),=DEC2HEX(0),=DEC2HEX(4),=DEC2HEX(75),=DEC2HEX(0),=DEC2HEX(0),=DEC2HEX(1)
	81,002.506.914,接收,=DEC2HEX(418447824),DATA,EXTENDED,8,=DEC2HEX(0),=DEC2HEX(0),=DEC2HEX(0),=DEC2HEX(4),=DEC2HEX(79),=DEC2HEX(0),=DEC2HEX(0),=DEC2HEX(0)
	82,002.513.133,接收,=DEC2HEX(418447824),DATA,EXTENDED,8,=DEC2HEX(0),=DEC2HEX(0),=DEC2HEX(0),=DEC2HEX(4),=DEC2HEX(88),=DEC2HEX(0),=DEC2HEX(0),=DEC2HEX(0)
	83,002.506.089,接收,=DEC2HEX(418447824),DATA,EXTENDED,8,=DEC2HEX(0),=DEC2HEX(0),=DEC2HEX(0),=DEC2HEX(4),=DEC2HEX(93),=DEC2HEX(0),=DEC2HEX(0),=DEC2HEX(0)
	84,002.524.850,接收,=DEC2HEX(418447824),DATA,EXTENDED,8,=DEC2HEX(0),=DEC2HEX(0),=DEC2HEX(0),=DEC2HEX(4),=DEC2HEX(90),=DEC2HEX(0),=DEC2HEX(0),=DEC2HEX(0)
	85,002.506.061,接收,=DEC2HEX(418447824),DATA,EXTENDED,8,=DEC2HEX(0),=DEC2HEX(0),=DEC2HEX(0),=DEC2HEX(4),=DEC2HEX(84),=DEC2HEX(0),=DEC2HEX(0),=DEC2HEX(0)
	86,002.510.224,接收,=DEC2HEX(418447824),DATA,EXTENDED,8,=DEC2HEX(0),=DEC2HEX(0),=DEC2HEX(0),=DEC2HEX(4),=DEC2HEX(94),=DEC2HEX(0),=DEC2HEX(0),=DEC2HEX(0)
	87,002.517.988,接收,=DEC2HEX(418447824),DATA,EXTENDED,8,=DEC2HEX(0),=DEC2HEX(0),=DEC2HEX(0),=DEC2HEX(4),=DEC2HEX(85),=DEC2HEX(0),=DEC2HEX(0),=DEC2HEX(0)
	88,002.510.797,接收,=DEC2HEX(418447824),DATA,EXTENDED,8,=DEC2HEX(0),=DEC2HEX(0),=DEC2HEX(0),=DEC2HEX(4),=DEC2HEX(80),=DEC2HEX(0),=DEC2HEX(0),=DEC2HEX(0)
	89,002.496.209,接收,=DEC2HEX(418447824),DATA,EXTENDED,8,=DEC2HEX(0),=DEC2HEX(0),=DEC2HEX(0),=DEC2HEX(4),=DEC2HEX(78),=DEC2HEX(0),=DEC2HEX(0),=DEC2HEX(0)
	90,002.516.928,接收,=DEC2HEX(418447824),DATA,EXTENDED,8,=DEC2HEX(0),=DEC2HEX(0),=DEC2HEX(0),=DEC2HEX(4),=DEC2HEX(84),=DEC2HEX(0),=DEC2HEX(0),=DEC2HEX(0)
	91,002.499.806,接收,=DEC2HEX(418447824),DATA,EXTENDED,8,=DEC2HEX(0),=DEC2HEX(0),=DEC2HEX(0),=DEC2HEX(4),=DEC2HEX(92),=DEC2HEX(0),=DEC2HEX(0),=DEC2HEX(0)
	92,002.518.969,接收,=DEC2HEX(418447824),DATA,EXTENDED,8,=DEC2HEX(0),=DEC2HEX(0),=DEC2HEX(0),=DEC2HEX(4),=DEC2HEX(87),=DEC2HEX(0),=DEC2HEX(0),=DEC2HEX(0)
	93,002.504.265,接收,=DEC2HEX(418447824),DATA,EXTENDED,8,=DEC2HEX(0),=DEC2HEX(0),=DEC2HEX(0),=DEC2HEX(4),=DEC2HEX(94),=DEC2HEX(0),=DEC2HEX(0),=DEC2HEX(0)
	94,002.515.679,接收,=DEC2HEX(418447824),DATA,EXTENDED,8,=DEC2HEX(0),=DEC2HEX(0),=DEC2HEX(0),=DEC2HEX(4),=DEC2HEX(85),=DEC2HEX(0),=DEC2HEX(0),=DEC2HEX(0)
	95,002.526.353,接收,=DEC2HEX(418447824),DATA,EXTENDED,8,=DEC2HEX(0),=DEC2HEX(0),=DEC2HEX(0),=DEC2HEX(4),=DEC2HEX(90),=DEC2HEX(0),=DEC2HEX(0),=DEC2HEX(0)
	96,002.517.672,接收,=DEC2HEX(418447824),DATA,EXTENDED,8,=DEC2HEX(0),=DEC2HEX(0),=DEC2HEX(0),=DEC2HEX(4),=DEC2HEX(90),=DEC2HEX(0),=DEC2HEX(0),=DEC2HEX(0)
	97,002.533.023,接收,=DEC2HEX(418447824),DATA,EXTENDED,8,=DEC2HEX(0),=DEC2HEX(0),=DEC2HEX(0),=DEC2HEX(4),=DEC2HEX(77),=DEC2HEX(0),=DEC2HEX(0),=DEC2HEX(0)
	98,002.506.139,接收,=DEC2HEX(418447824),DATA,EXTENDED,8,=DEC2HEX(0),=DEC2HEX(0),=DEC2HEX(0),=DEC2HEX(4),=DEC2HEX(79),=DEC2HEX(0),=DEC2HEX(0),=DEC2HEX(0)
	99,002.523.113,接收,=DEC2HEX(418447824),DATA,EXTENDED,8,=DEC2HEX(0),=DEC2HEX(0),=DEC2HEX(0),=DEC2HEX(4),=DEC2HEX(82),=DEC2HEX(0),=DEC2HEX(0),=DEC2HEX(0)
	100,002.530.891,接收,=DEC2HEX(418447824),DATA,EXTENDED,8,=DEC2HEX(0),=DEC2HEX(0),=DEC2HEX(0),=DEC2HEX(4),=DEC2HEX(81),=DEC2HEX(0),=DEC2HEX(0),=DEC2HEX(0)
	101,002.525.034,接收,=DEC2HEX(418447824),DATA,EXTENDED,8,=DEC2HEX(0),=DEC2HEX(0),=DEC2HEX(0),=DEC2HEX(4),=DEC2HEX(87),=DEC2HEX(0),=DEC2HEX(0),=DEC2HEX(0)
	102,002.526.997,接收,=DEC2HEX(418447824),DATA,EXTENDED,8,=DEC2HEX(0),=DEC2HEX(0),=DEC2HEX(0),=DEC2HEX(4),=DEC2HEX(97),=DEC2HEX(0),=DEC2HEX(0),=DEC2HEX(0)
